City_ID,City,Cloudiness,Country,Date,Humidity,Lat,Lng,Max Temp,Wind Speed
0,umzimvubu,75,AU,1602723909,59,-42.88,147.33,66.2,18.34
1,hobart,0,NZ,1602724135,61,-45.87,170.5,46.99,18.99
2,dunedin,100,RU,1602723726,97,71.97,102.5,18.07,11.5
3,khatanga,2,BW,1602724136,44,-19.98,23.42,77,20.8
4,maun,40,US,1602724136,66,22.08,-159.32,84.2,11.41
5,warqla,92,TD,1602724136,17,14.53,20.92,84.11,8.12
6,kapaa,100,NC,1602724136,81,-20.23,164.02,75.56,5.79
7,biltine,90,US,1602724136,68,64.86,-147.8,26.6,4.7
8,poum,80,KI,1602724136,75,3.07,172.79,82.13,10.96
9,college,75,SJ,1602724136,79,78.22,15.64,28.4,3.36
10,butaritari,0,SA,1602724061,33,17.49,44.13,64.4,2.39
11,longyearbyen,0,PF,1602724137,78,-16.48,-151.75,78.94,11.83
12,najran,75,CL,1602724137,61,-53.15,-70.92,48.2,14.99
13,faanui,75,RE,1602724137,64,-21.36,55.77,73.4,6.93
14,punta arenas,0,AU,1602724137,27,-31.43,152.92,82,1.99
15,saint-philippe,100,RU,1602724137,87,69.38,178.42,34.18,7.83
16,port macquarie,3,BR,1602724137,94,-22.97,-42.03,72.48,12.3
17,leningradskiy,20,CA,1602723884,48,60.72,-135.05,41,2.24
18,arraial do cabo,44,MR,1602724138,69,20.93,-17.03,78.8,11.41
19,barentsburg,3,PF,1602724138,74,-9.8,-139.03,77.94,20.11
20,whitehorse,40,CA,1602724036,76,48.93,-125.55,55.4,11.41
21,nouadhibou,99,FO,1602724138,75,62.23,-6.59,44.6,4.7
22,atuona,0,AU,1602723883,21,-20.74,116.85,94.6,6.51
23,ucluelet,0,AR,1602724029,66,-38,-57.56,51.8,11.41
24,klaksvik,100,PG,1602724138,66,-2.02,147.27,85.98,5.82
25,karratha,100,ID,1602724060,77,-3.8,102.27,79.83,2.95
26,mar del plata,100,PF,1602724139,81,-23.12,-134.97,73.69,18.03
27,lorengau,40,GA,1602724139,83,0.38,9.78,78.8,9.17
28,bengkulu,90,AU,1602723926,100,-33.87,121.9,59,14.99
29,rikitea,90,CN,1602724139,93,30.95,113.55,59,4.47
30,ntoum,90,AU,1602724139,68,-24.87,113.63,69.8,21.92
31,esperance,8,AU,1602724139,50,-33.65,115.33,64.99,9.1
32,yingcheng,100,RU,1602724139,91,73.51,80.55,29.61,20.45
33,carnarvon,100,GL,1602724139,92,65.61,-37.64,35.6,3.36
34,busselton,100,SO,1602724139,77,5.35,48.53,79.97,15.88
35,dikson,75,TH,1602723948,94,17.25,99.67,78.8,2.24
36,tasiilaq,100,VE,1602724140,87,7.77,-72.22,66.02,1.5
37,hobyo,83,EC,1602724140,94,-0.74,-90.35,69.01,3
38,sukhothai,0,GL,1602724140,80,60.72,-46.03,35.6,3.36
39,san cristobal,100,RU,1602724140,85,68.75,161.3,34.16,8.43
40,puerto ayora,0,MN,1602724140,77,48.01,91.64,31.32,3.53
41,grand river south east,0,NA,1602724140,28,-26.65,15.16,71.02,11.63
42,qaqortoq,100,RU,1602724141,88,65.58,-171,33.76,14.9
43,cherskiy,75,CA,1602724141,79,69.45,-133.04,24.8,16.11
44,hovd,100,CA,1602724141,83,66.15,-65.71,32.9,9.95
45,luderitz,0,LY,1602724141,37,29.03,21.55,71.83,8.48
46,taolanaro,63,NE,1602724141,32,14.35,3.32,89.94,8.95
47,lavrentiya,68,MW,1602724141,60,-14.48,35.26,70.57,12.17
48,tuktoyaktuk,40,MU,1602724142,94,-20.34,57.76,70,6.51
49,pangnirtung,1,US,1602724142,65,43.21,-75.46,46.4,3.36
50,jalu,0,NZ,1602724142,52,-46.19,168.86,54,8.01
51,filingue,99,ID,1602723844,66,-0.95,100.35,82.33,1.32
52,mangochi,100,MX,1602724142,65,30.17,-111.1,82.99,6.93
53,bambous virieux,40,US,1602724142,58,19.73,-155.09,86,14.99
54,roma,1,US,1602724142,48,39.18,-84.53,69.01,5.82
55,nizhneyansk,40,JP,1602724143,74,24.8,125.28,82.4,11.41
56,mataura,90,CA,1602724032,58,62.46,-114.35,25,24.16
57,padang,90,RU,1602724143,75,59.7,30.79,44.6,8.95
58,benjamin hill,1,US,1602724105,81,41.37,-73.41,54,3.36
59,hilo,55,UY,1602724143,94,-33.7,-53.46,54.57,6.42
60,hamilton,0,MW,1602724143,62,-15.79,35.01,62.15,7.61
61,hirara,90,GT,1602724143,94,14.3,-91.92,73.4,4.7
62,yellowknife,25,TL,1602724144,30,-8.93,125.41,78.15,4.61
63,nikolskoye,90,CA,1602724144,81,47.67,-52.73,52,17.22
64,bethel,50,CK,1602724144,50,-21.21,-159.78,75.2,9.17
65,chuy,81,US,1602723944,80,42.6,-73.97,52,3.47
66,blantyre,75,US,1602724144,65,28.02,-97.52,80.6,13.87
67,champerico,75,US,1602724144,68,71.29,-156.79,26.6,10.29
68,airai,100,RU,1602724144,96,71.92,114.08,18.93,17.09
69,torbay,0,ZA,1602723882,87,-33.01,17.94,55.4,9.17
70,avarua,1,US,1602724145,47,42.1,-79.24,57.99,10.29
71,albany,100,BR,1602724145,84,-24.79,-50.01,65.35,4.63
72,paucartambo,3,SB,1602724145,66,-8.14,159.59,85.71,3.09
73,san patricio,100,GL,1602724145,82,61.99,-49.67,37.98,11.41
74,barrow,20,MY,1602724145,88,5.41,100.34,82.4,2.24
75,saskylakh,61,MV,1602723850,78,2.67,72.89,82.17,16.8
76,saldanha,40,CA,1602724145,100,70.47,-68.59,19.4,6.93
77,jamestown,100,IN,1602724146,89,18.03,73.02,78.33,16.96
78,castro,100,IN,1602724146,79,10.57,72.64,81.16,21.39
79,buala,4,CL,1602723987,87,-29.95,-71.34,55.4,4.7
80,paamiut,0,OM,1602724146,44,22.57,59.53,79.36,14.18
81,georgetown,0,NZ,1602724146,52,-46.13,167.68,54,8.01
82,kudahuvadhoo,100,CA,1602724146,93,51.23,-58.65,48.31,17.47
83,bolungarvik,0,CN,1602724147,69,40.28,97.2,38.32,4.61
84,clyde river,75,AR,1602723880,49,-54.8,-68.3,48.2,13.87
85,srivardhan,67,BR,1602724147,94,-21.64,-41.05,73.85,6.33
86,kavaratti,50,SE,1602724147,79,58.38,12.32,43,16.11
87,coquimbo,11,ZA,1602724147,92,-34.42,19.23,55.99,1.99
88,sur,99,MG,1602724147,91,-22.82,47.83,70.79,13.78
89,tuatapere,99,BR,1602724147,84,-30.18,-50.21,60.17,4.16
90,saint-augustin,0,NZ,1602724147,51,-46.28,169.85,51.01,11.99
91,yumen,0,LY,1602724148,70,32.77,22.64,69.78,5.17
92,ushuaia,0,US,1602724083,91,42.08,-72.03,52,2.42
93,sao joao da barra,14,MR,1602724148,27,20.5,-10.07,88.79,7.56
94,vanersborg,1,US,1602724148,39,34.64,-120.46,78.8,13.87
95,hermanus,100,RU,1602724148,94,63.92,127.47,17.69,4.72
96,farafangana,0,EG,1602724148,26,24.09,32.91,80.47,5.28
97,cidreira,14,AU,1602724148,59,-28.77,114.6,66.2,14.99
98,kaitangata,0,IN,1602724148,93,31.82,75.39,62.6,2.48
99,amderma,100,AR,1602724149,35,-43.25,-65.31,56.61,21.27
100,vestbygda,0,ZA,1602724149,87,-33.92,25.57,57.2,6.93
101,darnah,70,PY,1602724149,35,-19.93,-60.77,89.01,6.17
102,southbridge,75,CV,1602724149,94,14.92,-23.51,78.8,9.17
103,adrar,100,AO,1602724149,91,-12.38,16.93,62.04,1.86
104,lompoc,20,BR,1602723955,66,2.82,-60.67,84.2,4.7
105,sangar,100,SE,1602724149,76,56.66,16.36,50,19.46
106,aswan,97,RU,1602724150,85,46.49,135.88,29.86,11.5
107,geraldton,75,US,1602724150,58,21.44,-157.84,86,6.93
108,qadian,46,ZA,1602723957,93,-33.93,18.42,59,8.05
109,trelew,65,RU,1602724150,95,52.47,96.11,28.44,3.15
110,port elizabeth,90,IN,1602724028,100,15.4,73.8,75.2,5.82
111,mayor pablo lagerenza,20,SY,1602724150,61,35.93,36.63,77,12.75
112,praia,1,US,1602724150,87,38.89,-76.51,60.8,7.96
113,kuito,75,CA,1602724151,87,50.7,-127.42,51.8,2.24
114,karaul,0,RU,1602724151,94,71.69,128.87,12.54,3.8
115,boa vista,39,ZA,1602724151,93,-34.53,20.04,48.2,3.36
116,kalmar,0,NA,1602724151,87,-22.96,14.51,59,9.17
117,vostok,75,TO,1602724151,69,-21.2,-175.2,77,8.05
118,ahuimanu,75,AU,1602724151,59,-42.78,147.06,66.2,18.34
119,cape town,100,IN,1602724151,43,20.9,70.37,83.28,7.56
120,karamea,59,PT,1602724151,82,38.52,-28.7,69.06,7.29
121,toora-khem,89,RU,1602724152,88,43.85,46.72,60.46,12.44
122,mormugao,25,GL,1602724152,85,77.48,-69.36,32.4,8.28
123,idlib,75,NU,1602724152,61,-19.06,-169.92,78.8,16.11
124,mayo,0,ZA,1602723961,72,-33.02,27.91,59.23,9.66
125,port hardy,1,US,1602724152,72,40.6,-124.16,64.99,12.75
126,tiksi,49,CL,1602723897,70,-41.87,-73.82,48.2,5.82
127,bredasdorp,91,ES,1602724153,100,43.27,-7.54,52,3
128,walvis bay,75,US,1602723794,48,39.96,-83,66.2,8.05
129,vaini,90,RU,1602724153,92,66,111.5,21.2,8.95
130,new norfolk,66,GL,1602724136,74,69.22,-51.1,33.8,2.24
131,veraval,4,ID,1602724153,51,-7.73,114.1,88.23,2.84
132,ribeira grande,75,CA,1602724153,81,50.32,-122.8,46.4,2.64
133,kizlyar,90,CN,1602724154,64,23.46,116.77,75.2,4.47
134,samusu,100,PG,1602724154,71,-4.06,144.07,84.88,2.48
135,qaanaaq,100,GB,1602724154,81,60.4,-1.35,46.4,8.05
136,alofi,100,RU,1602724154,95,64.9,45.76,31.71,7.18
137,east london,0,NZ,1602724154,52,-46.6,168.33,54,8.01
138,fortuna,20,CA,1602724154,58,58.52,-117.14,28.4,12.75
139,ancud,1,US,1602724154,15,41,-115.5,69.8,14.99
140,bereda,0,ET,1602724155,34,10.17,40.65,82.15,3.15
141,illoqqortoormiut,75,JP,1602724155,88,35.13,140.3,64.4,9.17
142,columbus,72,CN,1602724155,59,42.24,125.72,42.58,8.95
143,aykhal,16,RU,1602724155,66,50.68,156.12,46.22,26.06
144,ilulissat,0,PE,1602724155,77,-5.56,-80.82,66.47,14.16
145,panji,0,BR,1602724155,43,-11.64,-42.01,74.07,6.02
146,pemberton,100,BR,1602724155,89,-6.22,-57.75,72.68,0.36
147,chenghai,61,CA,1602724155,89,54.77,-101.86,26.87,8.25
148,angoram,100,RU,1602724156,98,70.63,147.92,20.97,2.15
149,tumannyy,0,AU,1602724156,60,-28.65,153.62,77,12.75
150,brae,90,VU,1602724156,83,-19.55,169.27,82.4,5.82
151,leshukonskoye,35,TC,1602724156,78,21.46,-71.14,83.55,12.1
152,bluff,94,CN,1602724156,71,22.88,116.07,75.4,26.31
153,high level,100,RU,1602724156,9,55.14,37.47,53.01,4.76
154,elko,100,MX,1602724156,41,27.98,-114.06,81.3,7.45
155,gewane,100,PH,1602724156,78,11,122.67,82.8,5.23
156,katsuura,1,US,1602724157,28,43.13,-115.69,57.2,20.8
157,liuhe,40,AU,1602724157,65,-21.15,149.2,78.01,19.46
158,severo-kurilsk,20,BR,1602724157,78,-6.09,-35.21,78.8,8.05
159,sechura,20,BR,1602723917,78,-5.79,-35.21,78.8,8.05
160,ibipeba,20,MY,1602724084,94,1.24,111.46,75.2,3.36
161,jacareacanga,100,AR,1602724157,24,-51.62,-69.22,59,21.92
162,flin flon,56,GL,1602724157,91,72.79,-56.15,31.95,3.2
163,chokurdakh,0,GF,1602724157,80,5.38,-52.95,80.47,10.89
164,byron bay,40,US,1602724158,85,64.5,-165.41,33.01,8.05
165,isangel,100,RU,1602724158,87,63.05,179.32,41.77,12.12
166,cockburn town,0,IR,1602724158,43,36.42,54.98,50.7,2.62
167,jiazi,78,PA,1602724158,92,8.15,-77.69,74.57,2.06
168,chekhov,100,CA,1602724158,96,47.57,-59.14,54.7,23.87
169,guerrero negro,75,BR,1602724158,100,-25.59,-49.41,63,10.29
170,dingle,0,UY,1602724158,90,-34.48,-54.33,51.51,1.34
171,mountain home,78,PA,1602724159,77,9.23,-78.02,79.77,1.03
172,mackay,1,US,1602724159,8,32.77,-108.28,78.8,20.8
173,nisia floresta,0,PK,1602724159,83,29.8,71.72,71.6,3.71
174,natal,1,US,1602723934,55,35.2,-89.87,69.01,4.7
175,sri aman,0,RU,1602724159,65,54.2,49.4,41,2.24
176,rio gallegos,90,CA,1602724159,92,55.74,-97.86,28.4,9.17
177,upernavik,100,BR,1602724159,86,-25.88,-48.57,66.99,7.2
178,sinnamary,20,IN,1602724160,100,19.8,85.85,77,4.7
179,nome,19,ES,1602724160,87,39.89,4.27,50,6.93
180,beringovskiy,100,RU,1602724160,73,59.7,150.17,38.46,7.63
181,shahrud,0,SA,1602724160,30,18.39,42.45,59,5.01
182,louisbourg,22,RU,1602724160,93,66.77,123.37,12.87,2.64
183,yaviza,0,AU,1602724160,45,-17,145.43,84.99,18.34
184,channel-port aux basques,36,CN,1602724160,81,50.78,121.52,28.24,4.85
185,araucaria,0,RU,1602724160,96,63.37,47.92,30.74,3.31
186,rocha,75,NO,1602724161,78,70.37,31.11,41.38,21.09
187,ailigandi,20,MZ,1602724161,85,-23.86,35.35,65.03,7.87
188,belushya guba,40,US,1602724239,63,45.52,-122.68,62.01,8.05
189,silver city,86,LK,1602724161,86,5.95,80.54,78.28,11.95
190,ozgon,90,CA,1602724161,74,58.81,-122.7,28.4,2.24
191,dunyapur,46,NG,1602724007,92,6.58,3.75,75.56,3.76
192,shelby,93,LY,1602723989,61,32.88,13.19,74.08,16.06
193,mullovka,40,CA,1602724161,44,53.22,-106.4,37.4,12.75
194,thompson,0,YE,1602724162,67,14.2,43.32,84.78,4.59
195,guaratuba,0,US,1602724162,80,40.8,-124.16,66.99,7
196,puri,100,LK,1602724162,71,7.42,81.82,79.61,3.65
197,mao,20,JP,1602724162,60,33.73,135.98,69.8,11.41
198,arman,75,NP,1602724162,100,27.63,85.52,64.4,2.24
199,faya,100,ID,1602724162,72,4.14,96.13,79.93,3.24
200,zhigansk,0,CA,1602723889,68,49.63,-105.98,37.26,10.67
201,mareeba,30,RU,1602724163,75,44.63,135.35,34.27,10.94
202,genhe,5,BR,1602724163,57,3.08,-59.95,82.94,6.78
203,blagoyevo,0,IR,1602724028,55,27.15,57.08,64.4,4.7
204,saleaula,100,ID,1602724163,75,-2.88,108.27,76.73,3.06
205,vardo,100,RU,1602724163,91,47.55,47,50,9.1
206,maxixe,100,RU,1602724163,94,58.6,125.39,18.68,14.27
207,portland,75,PT,1602724163,83,37.72,-25.43,69.8,10.29
208,matara,0,SA,1602724146,28,29.97,40.21,73.4,5.75
209,fort nelson,20,NC,1602724163,61,-21.69,165.68,80.6,14.99
210,lagos,75,JP,1602724164,93,35.73,140.83,63,12.75
211,tripoli,40,US,1602724164,43,20.89,-156.47,91.4,11.41
212,shellbrook,40,RU,1602724164,58,53.05,158.65,50,8.95
213,zabid,92,GA,1602724164,81,-2.65,10,74.75,7.18
214,eureka,100,CN,1602724164,91,30.63,117.85,60.66,8.75
215,grand centre,100,ID,1602724164,74,1.74,98.78,79.57,3.29
216,kalmunai,35,AU,1602724165,18,-31.95,141.43,82.4,20.8
217,shingu,100,NO,1602724165,76,67.67,12.69,45.1,11.07
218,banepa,0,PE,1602724165,82,-13.7,-76.22,64,12.75
219,meulaboh,50,ID,1602724165,53,-9.66,120.26,87.19,9.53
220,assiniboia,100,BR,1602724165,83,-20.33,-40.29,80.01,6.93
221,krasnorechenskiy,75,PF,1602724165,69,-17.73,-149.15,80.6,9.17
222,bonfim,0,ZA,1602724165,77,-33.59,26.89,58.23,10
223,minab,100,NZ,1602724165,71,-39.88,176.63,50,13
224,manggar,62,MG,1602724029,90,-25.17,45.05,62.6,6.82
225,sasykoli,93,NO,1602724165,78,70.98,25.97,42.21,25.77
226,aldan,54,PG,1602724166,67,-2.57,150.8,84.63,3.49
227,vila franca do campo,100,ID,1602724166,74,-7.95,110.28,81,6.91
228,sakakah,40,PT,1602724166,93,38.73,-27.07,68,7.81
229,moindou,100,GW,1602724166,77,11.28,-15.83,82,6.26
230,mys shmidta,0,SE,1602724166,93,63.29,18.72,35.6,10.29
231,hasaki,1,US,1602723963,6,34.48,-114.32,100.4,1.48
232,kahului,71,SD,1602724166,15,13.6,26.69,84.78,3.8
233,petropavlovsk-kamchatskiy,40,BR,1602724166,100,-4.38,-70.03,73.4,2.24
234,gamba,0,KZ,1602724167,53,45.32,55.2,49.77,10.54
235,rongcheng,100,VN,1602724167,88,17.48,106.6,77.68,6.82
236,vaitupu,58,RU,1602724167,87,59.38,143.3,30.22,10.92
237,sibolga,100,IT,1602724167,90,46.02,11.91,44.01,4.25
238,broken hill,1,US,1602724058,9,37.1,-113.58,89.6,13.87
239,sorland,0,RU,1602724167,81,47.51,40.11,50,2.24
240,pisco,59,EG,1602724167,60,28.42,30.78,71.91,14.45
241,waingapu,1,US,1602724767,87,40.87,-72.8,59,11.01
242,vila velha,1,US,1602724769,72,41.14,-73.36,62.6,3.36
243,tautira,40,MX,1602724771,44,20.35,-102.77,78.8,4.7
244,port alfred,40,AU,1602724773,30,-32.5,137.77,87.01,6.93
245,otane,0,RU,1602724780,37,50.1,128.05,35.6,8.95
246,beloha,99,HK,1602724770,73,22.29,114.16,80.01,4
247,honningsvag,1,US,1602724638,52,37.46,-122.43,89.6,17.22
248,kavieng,100,RU,1602724786,81,57.2,56.91,46.71,3.42
249,bambanglipuro,1,CA,1602724788,58,45.53,-77.1,53.6,3.36
250,praia da vitoria,0,UA,1602724791,86,50.48,30.9,42.8,4.47
251,bubaque,95,PG,1602724793,72,-6.32,155.48,79.92,1.21
252,ornskoldsvik,100,RU,1602724795,77,67.45,153.68,35.96,1.19
253,lake havasu city,75,PT,1602724797,77,32.67,-17.1,69.8,16.11
254,umm kaddadah,96,IN,1602724799,60,27.92,96.17,77.88,1.79
255,benjamin constant,0,AU,1602724801,33,-32.25,148.62,77,14.99
256,beyneu,20,MX,1602724673,74,20.51,-86.95,81,5.82
257,dong hoi,0,RO,1602724806,93,46.43,26.4,46.4,8.05
258,okhotsk,100,RU,1602724808,89,69.7,170.31,33.24,22.01
259,feltre,100,CI,1602724810,91,4.75,-6.64,76.44,7.07
260,saint george,36,BW,1602724812,53,-21.18,24.88,71.15,16.33
261,persianovskiy,20,MX,1602724817,78,18.73,-103.68,80.6,11.41
262,matay,100,AR,1602724819,40,-43.3,-65.1,54.73,22.59
263,suffolk,99,BR,1602724775,76,-29.68,-53.81,62.49,4.12
264,westport,86,PE,1602724823,93,-10.68,-76.27,38.01,2.1
265,ocotlan,100,CN,1602724825,85,18.8,110.4,80.78,17.11
266,port augusta,0,RU,1602724827,68,48.63,142.8,39.31,14.65
267,gurskoye,0,CL,1602724830,59,-28.57,-70.76,59.14,0.29
268,sentyabrskiy,90,BO,1602724832,61,-14.32,-67.38,80.73,2.33
269,tambovka,40,US,1602724836,74,25.79,-80.13,82.99,8.05
270,victoria,90,CA,1602724725,100,63.75,-68.51,33.8,17.22
271,half moon bay,75,JP,1602724842,66,39.27,141.88,55.4,2.24
272,orda,40,US,1602724845,43,20.79,-156.47,91.4,11.41
273,eganville,8,RU,1602724847,92,62.14,117.63,25.39,7.85
274,trebukhiv,90,US,1602724849,70,57.05,-135.33,48.2,9.17
275,panguna,78,CA,1602724851,75,60.75,-137.51,36.23,1.92
276,srednekolymsk,64,BR,1602724853,87,-1.94,-50.82,74.97,2.3
277,ponta do sol,1,US,1602724855,77,34.02,-84.36,66.99,6.82
278,tezu,40,MU,1602724857,94,-20.52,57.52,69.8,5.01
279,dubbo,75,VN,1602724860,88,15.88,108.33,80.6,3.36
280,cozumel,30,SB,1602724862,61,-8.77,160.7,87.08,5.77
281,asau,20,TR,1602724781,93,36.54,32,66.2,4.7
282,pevek,6,CA,1602724866,84,48.65,-53.11,51.01,7
283,san-pedro,0,BR,1602724868,78,-3.45,-44.78,77.58,5.73
284,mopipi,100,AR,1602724870,68,-27.8,-64.26,65.71,11.74
285,tsihombe,20,ID,1602724873,66,-5.32,119.37,87.8,2.24
286,coahuayana,98,ID,1602724875,81,-5.67,132.75,81.88,15.26
287,rawson,90,CA,1602724877,100,50.2,-66.38,46.4,8.05
288,santa maria,75,GB,1602724628,81,58.21,-6.39,48.2,3.36
289,cerro de pasco,40,AU,1602724881,53,-20.02,148.23,77,21.92
290,wanning,100,ID,1602724883,94,-3.37,135.48,75.43,2.89
291,makarov,29,BR,1602724885,78,-2.79,-49.67,77.04,1.74
292,vallenar,2,GN,1602724887,97,8.44,-10.33,68.61,1.81
293,reyes,20,NC,1602724788,61,-22.28,166.46,80.6,14.99
294,rungata,0,MZ,1602724892,67,-14.8,36.54,67.23,6.38
295,miami beach,99,SE,1602724894,70,57.64,18.3,50,18.34
296,guelengdeng,100,AO,1602724896,84,-11.21,13.84,72.68,4.43
297,iqaluit,71,FR,1602724898,81,46.09,3.45,44.6,4.7
298,kamaishi,100,AU,1602724900,96,-41.17,146.35,57,4
299,kihei,0,AR,1602724902,84,-38.55,-58.74,48,4
300,suntar,5,GL,1602724904,83,60.14,-45.24,37.06,0.38
301,sitka,5,US,1602724907,25,43.52,-114.32,50,10.29
302,haines junction,100,AU,1602724911,37,-34.73,135.87,76.26,20.62
303,portel,20,IL,1602724913,78,31.61,34.76,72,3.36
304,roswell,3,SO,1602724915,84,9.49,50.81,78.55,14.88
305,souillac,20,LK,1602724917,100,6.12,81.12,78.8,11.41
306,hoi an,75,SV,1602724922,100,13.28,-88.55,75.2,6.93
307,auki,100,CN,1602724926,67,34.08,119.72,63.23,8.01
308,alanya,1,CA,1602724928,58,45.9,-77.33,53.6,3.36
309,bonavista,90,US,1602724930,81,57.79,-152.41,48.2,3.36
310,arari,38,MV,1602724932,76,-0.6,73.08,82.27,12.19
311,santiago del estero,42,EC,1602724937,86,-2.23,-80.9,69.71,8.63
312,galesong,1,US,1602724921,78,25.9,-97.5,82.4,9.17
313,tual,98,FO,1602724941,67,61.47,-6.81,46.02,9.15
314,sept-iles,69,GL,1602724943,89,66.94,-53.67,33.96,8.68
315,stornoway,35,ZM,1602724945,88,-11.74,24.43,63.46,4.23
316,bowen,0,MX,1602724947,44,24.89,-105.07,63.5,5.39
317,nabire,90,CA,1602724950,100,50.1,-91.92,37.4,4.7
318,baiao,0,SS,1602724952,81,7.27,28.68,71.42,1.01
319,koindu,75,BB,1602724954,88,13.22,-59.52,75.2,9.17
320,noumea,100,IS,1602724956,82,64.89,-23.71,46.76,24.25
321,cuamba,0,GL,1602724958,88,60.92,-46.05,32,1.12
322,visby,1,US,1602724960,77,43.41,-124.22,62.01,13.87
323,sumbe,40,OM,1602724962,73,17.02,54.09,77,3.36
324,hauterive,54,RU,1602724965,98,65.82,87.98,23.13,8.3
325,devonport,79,GL,1602724967,81,64.18,-51.72,33.8,6.24
326,necochea,1,US,1602724969,83,28.71,-81.21,78.01,3.36
327,nanortalik,21,CO,1602724971,98,1.2,-70.17,72.1,1.99
328,hailey,100,ID,1602724973,63,-6.88,112.38,84.99,5.3
329,nguiu,30,SO,1602724978,85,4.12,43.89,72.32,14.9
330,port lincoln,40,PA,1602724980,88,9.55,-79.65,77,3.36
331,gat,0,PK,1602724984,24,31.22,72.98,70.52,2.59
332,bandarbeyla,100,RU,1602724986,95,57.8,158.67,41.31,13.8
333,hambantota,0,CL,1602724988,81,-37.62,-73.65,50.95,15.88
334,taburi,0,CN,1602724991,54,42.8,93.45,45.34,13.2
335,puerto el triunfo,76,RU,1602724993,95,63.93,31.65,32.43,6.69
336,viligili,100,CV,1602724995,76,14.9,-24.5,81.05,7.18
337,yunhe,0,AU,1602724997,14,-20.32,118.57,98.6,19.46
338,petawawa,0,NA,1602724871,91,-22.12,14.28,59,1.99
339,kodiak,57,CD,1602725001,93,-6.47,16.82,68.41,0.94
340,hithadhoo,1,US,1602724956,10,34.87,-111.76,80.6,6.93
341,attawapiskat,0,AU,1602724947,44,-35.35,150.47,77,10.29
342,la libertad,64,PE,1602725008,81,-11.1,-77.61,62.91,9.17
343,brownsville,40,IN,1602725012,94,8.13,77.3,80.6,2.24
344,vagur,20,JM,1602725014,74,17.88,-76.41,84.2,8.05
345,sisimiut,90,RU,1602725018,93,64.38,-173.3,39.2,15.66
346,mwinilunga,100,GB,1602725020,79,51.38,1.39,60.01,5.99
347,nuevo ideal,20,MU,1602725023,84,-20.01,57.66,70,3
348,sioux lookout,7,MG,1602725027,86,-14.27,50.17,70.83,7.14
349,tonj,20,AL,1602725029,76,41.19,19.56,57.2,3.36
350,bathsheba,3,PE,1602725031,79,-7.84,-79.15,64.58,5.88
351,olafsvik,97,NO,1602725033,76,70.86,29.09,41.04,22.19
352,narsaq,20,CO,1602725035,94,10.99,-74.95,78.8,2.24
353,north bend,75,PF,1602725038,69,-17.53,-149.33,82.4,9.17
354,salalah,0,PK,1602725044,25,31.79,71.1,72.48,4.45
355,turukhansk,95,MX,1602725046,87,19.48,-101.52,63,2.21
356,nuuk,2,AO,1602725048,84,-15.2,12.15,64.58,2.62
357,seminole,100,RU,1602725050,94,62.67,131.17,19.45,2.46
358,mitu,0,AR,1602725023,66,-45.87,-67.5,50,6.93
359,paciran,20,CA,1602725055,100,49.78,-74.85,37.4,2.24
360,balimo,20,RU,1602725057,80,56.45,138.17,30.24,12.77
361,xuddur,20,GF,1602725059,94,4.93,-52.33,77,1.12
362,portobelo,8,AU,1602725061,24,-30.32,149.78,78.8,8.05
363,dzhusaly,0,NZ,1602725063,56,-35.17,173.17,61.11,12.15
364,dijkot,0,RU,1602725067,62,51.85,42.47,50.58,7.09
365,tigil,100,CN,1602724825,80,29.34,104.78,57.4,3.62
366,lebu,97,BG,1602725071,8,43.99,22.87,51.01,3.6
367,hami,90,CA,1602725074,100,45.62,-61.35,59,16.11
368,muyezerskiy,0,FI,1602725076,100,62.69,25.82,28.99,1.12
369,sao filipe,1,US,1602725078,66,21.39,-158.15,84.2,10.29
370,port hedland,100,ID,1602725080,83,0.7,108.9,79.95,8.34
371,henties bay,0,ES,1602725082,72,41.05,-0.13,51.01,21
372,kasongo-lunda,76,PG,1602725084,67,-6.12,141.29,85.6,3.53
373,sedona,20,JP,1602725086,47,43.32,145.57,55.4,8.05
374,ulladulla,100,RU,1602725088,97,62.55,155.55,30.74,4.03
375,hualmay,100,RO,1602725091,83,44.2,23.05,51.01,8.28
376,aflu,0,SE,1602725093,87,63.18,14.64,42.8,20.8
377,manavalakurichi,0,IS,1602725095,70,66.04,-17.34,39.2,8.05
378,morant bay,75,NO,1602725097,93,63.73,8.83,46.4,6.93
379,scottsburgh,27,CA,1602725099,53,47.6,-53.26,54,13.33
380,provideniya,40,MU,1602725101,94,-20.41,57.7,69.8,6.4
381,margate,100,MV,1602725103,77,6.88,73.1,82.42,22.86
382,grand gaube,0,NE,1602725105,18,19.75,10.25,77.11,1.97
383,saryshagan,40,BR,1602724984,74,-8.01,-34.86,78.8,8.05
384,sambava,75,CA,1602725110,62,65.28,-126.83,21.2,10.29
385,kavaje,0,BR,1602725112,91,-6.46,-36.2,66.45,13.4
386,chicama,20,MG,1602725114,88,-15.72,46.32,75.2,5.82
387,berlevag,90,AU,1602725116,63,-38.18,144.47,70,10.29
388,puerto colombia,1,US,1602725118,88,33.19,-82.53,69.8,3.36
389,tiarei,0,US,1602725120,69,29.85,-90.11,75.99,4.74
390,morrelganj,56,NE,1602725122,16,14.97,8.89,88.3,9.4
391,mahadday weyne,0,BR,1602725124,67,1,-52,79,5.97
392,darya khan,100,PH,1602725129,70,11.14,123.72,82.54,2.51
393,cuanajo,69,AO,1602725131,78,-12.58,13.41,71.96,2.46
394,namibe,42,NI,1602724927,86,12.34,-83.67,79.88,8.25
395,borogontsy,31,CO,1602724956,93,3.87,-67.92,75.25,2.55
396,comodoro rivadavia,90,PH,1602725137,83,14.92,120.55,80.6,9.17
397,chapais,0,CN,1602725139,55,45.33,122.78,42.31,4.85
398,ayan,1,US,1602725142,53,36.62,-121.92,79,3.36
399,cayenne,98,MX,1602725144,34,23.8,-100.73,78.08,2.84
400,narrabri,0,IR,1602725146,33,26.56,54.88,73.4,6.93
401,ahipara,0,CN,1602725148,55,42.12,118.78,44.62,7.38
402,cagayan de tawi-tawi,0,IN,1602725150,72,34.17,77.58,34.61,2.48
403,muchkapskiy,1,US,1602725152,35,39.45,-86.18,70,13.87
404,zigong,0,PT,1602725154,88,37.32,-8.8,51.01,1.01
405,vidin,83,RU,1602725156,90,50.6,97.52,26.67,1.7
406,port hawkesbury,16,ES,1602725159,100,43.52,-8.15,51.8,2.24
407,aanekoski,0,SY,1602725161,84,35.3,37.18,61.03,5.14
408,nanakuli,0,ZA,1602725163,75,-28.78,32.04,63.01,9.64
409,sungairaya,7,CN,1602725165,49,41.76,86.15,48.18,7.47
410,alcaniz,100,RU,1602725167,60,52.57,78.94,44.62,13.71
411,kiunga,75,US,1602724377,78,29.76,-95.36,81,13.87
412,nemuro,13,BR,1602725172,83,-8.9,-35.15,75.7,8.75
413,dukat,75,CA,1602724962,58,50.23,-99.47,28.4,8.05
414,darvari,1,US,1602725176,7,35.02,-110.7,78.8,3.36
415,ostersund,95,NC,1602725178,71,-21.57,165.48,77.22,11.9
416,husavik,100,ID,1602725180,73,-2.08,101.38,71.91,1.1
417,sistranda,0,GY,1602725182,94,6,-58.3,77,3.85
418,bay roberts,96,RU,1602725184,49,48.58,45.74,49.89,9.6
419,mahebourg,0,RU,1602725187,96,65.7,82.47,27.57,13.69
420,dhidhdhoo,0,ZA,1602725189,41,-34,24.73,56.64,6.24
421,agadez,40,TW,1602725077,65,22.76,121.14,82.4,5.82
422,olinda,100,CN,1602725193,91,25.8,113.03,64.44,4.27
423,norman wells,79,CI,1602725195,98,6.55,-7.5,70.36,0.96
424,nova floresta,68,GH,1602725197,91,4.88,-1.76,76.19,8.32
425,mahajanga,0,ML,1602725201,18,22.68,-3.98,90.9,5.84
426,leopold,0,AU,1602724939,12,-25.24,130.99,84.2,14.99
427,avera,93,CN,1602725206,72,29.96,122.3,69.1,17.38
428,estelle,100,RU,1602725208,82,57.63,92.27,41.58,16.67
429,tanout,100,RU,1602725210,90,57.79,108.11,33.3,11.97
430,amapa,3,PE,1602725212,96,-12.12,-73,68.4,3.09
431,sofiysk,100,AU,1602725214,36,-37.88,147.98,82.99,8.99
432,sulangan,100,RU,1602725217,58,55.04,59.04,43.77,7.7
433,benguela,5,MX,1602725018,78,22.89,-109.91,84,3.36
434,laguna de perlas,20,CN,1602725221,34,39.45,75.98,51.8,8.95
435,inirida,100,CO,1602725223,72,11.78,-72.44,83.57,4.36
436,lubao,100,RU,1602725225,62,53.83,80.34,45.91,15.97
437,taonan,1,US,1602725227,81,40.6,-77.57,50,2.68
438,pacific grove,100,CN,1602725229,77,34.37,107.36,50.76,2.24
439,cedral,75,JP,1602725232,71,40.2,140.02,55.4,3.36
440,bandar-e lengeh,1,US,1602725055,34,37.77,-122.42,78.8,17.22
441,mujiayingzi,99,NC,1602725236,71,-20.97,164.7,78.78,7.96
442,leh,100,ID,1602725238,61,-6.88,112.21,85.21,8.48
443,bud,90,CA,1602725219,100,50.03,-66.87,46.4,8.05
444,aljezur,90,AU,1602725242,82,-37.83,140.77,59,16.11
445,kungurtug,100,AU,1602725249,88,-38.27,141.97,59.02,19.6
446,naron,61,MX,1602725251,32,26.93,-105.4,68.77,3
447,abu samrah,0,NE,1602725253,12,18.74,7.39,89.91,8.25
448,richards bay,40,CA,1602725255,67,68.22,-135.01,23,4.7
449,korla,100,IN,1602725257,80,22.17,73.58,79.45,6.2
450,kulunda,0,UZ,1602725259,61,40.43,71.72,50,6.93
451,houston,100,CN,1602725263,72,28.68,121.44,73.99,11.05
452,sao jose da coroa grande,100,RU,1602725266,94,65.83,31.17,37.33,8.41
453,neepawa,0,BS,1602725268,76,26.54,-77.06,81.34,12.84
454,winslow,0,RU,1602725270,96,60.73,56.72,30.54,3.27
455,bourail,20,CA,1602725272,54,44.08,-80.2,53.6,13.87
456,sungaipenuh,100,CN,1602725274,1,30.99,103.94,62.01,1.61
457,linden,100,CF,1602725278,87,8.08,22.4,68.95,2.13
458,kapustin yar,0,AU,1602725280,34,-23.53,148.17,78.8,4.7
459,krasnoselkup,40,EC,1602725283,83,-0.95,-80.73,73.4,10.29
460,kruisfontein,15,IN,1602725285,93,25.52,90.22,73.98,2.91
461,taitung,100,VN,1602725229,86,10.93,108.1,79.57,10.04
462,chenzhou,99,TZ,1602725289,82,-8.38,36.67,74.39,7.43
463,guiglo,75,US,1602725291,87,58.3,-134.42,46,11.41
464,takoradi,40,VN,1602725293,88,11.92,109.16,82.4,3.36
465,jinchengjiang,1,US,1602725296,57,42.25,-75.83,52,5.82
466,taoudenni,87,MX,1602725300,80,15.85,-97.07,81.75,7.23
467,yulara,92,NG,1602725302,87,10.61,12.19,73.29,3.02
468,shenjiamen,100,IN,1602725304,82,11.67,92.75,80.22,13.58
469,pirovskoye,40,US,1602725306,65,21.4,-157.74,82.4,9.17
470,kirensk,20,BJ,1602725308,88,6.5,2.6,78.8,3.36
471,pangoa,58,GA,1602725311,84,-1.57,9.26,74.05,8.12
472,lakes entrance,90,PH,1602725313,74,14.35,121.02,84.2,5.82
473,satka,42,PE,1602725315,74,-16.62,-72.71,60.75,2.62
474,cabo san lucas,9,BR,1602725317,84,-9.01,-35.22,75.18,8.59
475,kashi,0,MN,1602725321,80,46.68,113.28,31.01,7.61
476,manaure,100,BR,1602725323,67,-9.88,-56.09,75.61,1.34
477,pankrushikha,92,RU,1602725326,93,43.58,45.52,46.4,4.47
478,lewistown,40,VU,1602725328,84,-13.88,167.55,86,5.82
479,guozhen,0,NA,1602725330,61,-28.55,16.43,63.16,6.08
480,noshiro,92,IS,1602725332,82,63.44,-20.27,48.04,30.29
481,san francisco,99,ID,1602725334,80,-0.89,119.87,79.05,0.63
482,voh,100,GN,1602725337,94,10.94,-14.3,73.94,1.23
483,labuhan,100,RU,1602725339,87,61.67,96.37,39.76,10.76
484,port-cartier,20,US,1602725205,69,46.87,-96.77,42.01,11.41
485,mount gambier,100,RU,1602725343,78,56.35,78.36,47.98,16.4
486,kuhestan,40,BR,1602725345,83,-5.2,-35.46,77,8.05
487,zlatoustovsk,78,RE,1602725347,68,-21.15,55.28,71.6,6.93
488,codrington,90,CA,1602725350,74,55.3,-123.17,41,3.36
489,valle de allende,1,US,1602725352,72,34.77,-92.3,64.99,6.93
490,arlit,0,CL,1602725321,71,-39.81,-73.25,55.4,3.36
491,aklavik,100,RU,1602725356,98,66.32,-179.17,30.6,4.94
492,sankheda,0,CN,1602725358,60,43.8,87.6,42.8,2.24
493,komsomolskiy,100,RU,1602725360,93,54.81,105.16,32.86,6.04
494,marcona,98,AR,1602725215,67,-34.65,-58.62,71.01,3
495,jiaojiang,61,PG,1602725365,85,-10.62,150.67,79.05,16.42
496,pyaozerskiy,100,ID,1602725367,76,-1.4,120.75,79.52,0.96
497,marsh harbour,100,AU,1602725369,28,-33.18,138.02,82.4,9.17
498,nyrob,18,SL,1602725371,89,7.53,-12.51,76.86,5.28
499,shelburne,0,AU,1602725373,31,-20.73,139.5,87.8,10.29
500,tianpeng,0,NZ,1602725375,57,-35.62,174.5,66.99,5.99
501,ngukurr,0,PK,1602725378,26,32.88,71.57,71.22,1.1
502,ouadda,20,PR,1602725382,88,18.33,-65.65,78.8,3.36
503,emerald,75,KH,1602725384,83,10.62,104.18,82.4,6.93
504,manta,100,RU,1602725389,61,52.27,79.17,43.97,12.39
505,tura,100,RU,1602725391,95,68.53,146.42,20.71,4.7
506,phan thiet,21,TZ,1602725393,82,-7.91,39.67,78.75,14.5
507,lupiro,1,RU,1602725395,95,66.08,76.63,31.24,16.08
508,juneau,37,BW,1602725303,44,-18.37,21.85,67.53,3.91
509,cam ranh,12,BR,1602725173,61,-14.41,-56.45,78.53,8.3
510,broome,0,TR,1602725402,57,38.74,34.04,50,2.04
511,bur gabo,99,RU,1602725405,96,63.01,112.47,27.75,11.97
512,puerto escondido,1,US,1602725407,53,29.94,-89.96,75.99,6.93
513,biu,62,ID,1602725410,38,-9.11,124.89,88.09,2.19
514,port blair,100,CD,1602725412,87,1.57,30.25,61.32,2.1
515,kailua,75,JP,1602725414,93,34.67,138.95,64.4,17.22
516,porto novo,0,KZ,1602725416,64,47.8,67.71,39.2,1.7
517,omboue,1,MX,1602725418,18,29.57,-104.42,87.8,3.36
518,san pedro,75,KR,1602725341,32,37.57,126.98,53.6,3.36
519,camana,1,CA,1602725363,66,43.36,-80.31,52,9.17
520,maragogi,100,PH,1602725425,81,12.18,125.51,81.46,1.41
521,rawannawi,0,SA,1602725252,31,24.69,46.72,64.4,2.24
522,baruun-urt,40,TZ,1602725429,88,-6.43,39.55,78.8,7.23
523,alta floresta,20,AI,1602725431,78,18.22,-63.06,82.4,6.93
524,kalinovskaya,32,JM,1602725433,83,17.89,-77.59,77.63,5.59
525,sola,100,MX,1602725438,89,18.42,-95.12,72.14,2.91
526,oranjemund,30,RU,1602725440,86,62.72,147.95,29.14,1.21
527,vestmannaeyjar,0,US,1602725442,34,38.77,-120.52,78.01,4.81
528,palu,70,EC,1602725444,97,0.08,-76.88,70.45,2.01
529,boke,32,MX,1602725451,74,23.02,-98.88,84,5.01
530,baykit,20,BR,1602725453,78,-0.12,-51.29,82.4,9.17
531,moorhead,49,ID,1602725455,64,-8.62,122.21,85.1,0.72
532,severnoye,75,JP,1602725458,72,36.3,139.8,69.01,16.11
533,touros,0,KZ,1602725460,49,43.3,52.8,50.43,10.8
534,saint-leu,100,MX,1602725462,79,18.7,-95.5,80.78,5.19
535,mackenzie,8,MX,1602725464,83,16.52,-98.75,81.61,8.93
536,pulaski,0,CN,1602725466,50,39.83,118.12,59.99,6.38
537,valdivia,88,NO,1602725471,78,71.04,27.85,40.17,20.33
538,egvekinot,55,AU,1602725473,64,-26.53,153.1,75.99,5.99
539,urumqi,97,CR,1602725475,88,9.52,-84.32,69.8,8.05
540,zhigalovo,90,RU,1602725477,92,66.42,112.4,21.2,8.95
541,moron,100,RU,1602725479,64,50.23,136.9,37.45,11.36
542,samarai,100,BR,1602725482,87,-24.06,-53.01,68.9,20.38
543,poso,75,CH,1602725484,75,47.18,8.46,44.6,4.7
544,port pirie,100,CD,1602725486,98,3.25,19.77,69.55,2.1
545,bonthe,1,US,1602725488,88,34.62,-79.01,62.6,4.88
546,mount isa,37,ES,1602725490,81,39.89,4.27,50,5.82
547,ngunguru,56,ES,1602725492,83,28.66,-17.92,69.8,6.93
548,daud khel,5,US,1602725282,13,34.39,-118.54,95,6.93
549,stoyba,75,LT,1602725497,93,54.37,24.33,39.2,1.12
550,fajardo,75,EE,1602725499,87,59.26,25.96,50,10.29
551,kampot,63,ID,1602725501,65,-8.35,113.61,85.42,4.61
552,kankavli,0,BR,1602725505,80,-3.28,-39.27,78.8,10.71
553,klyuchi,10,GL,1602725507,69,68.82,-51.19,33.8,1.12
554,belaya gora,75,US,1602725512,70,46.86,-114.05,46,8.05
555,kilindoni,14,PE,1602725514,86,-6.55,-78.65,53.46,3.24
556,novyy urengoy,1,US,1602725516,31,39.6,-110.81,64.4,12.75
557,shakawe,75,JP,1602725488,77,35.53,134.83,59,3.36
558,diamantino,25,MV,1602725520,75,0.53,72.93,82.9,14
559,ortakoy,1,US,1602725522,7,34.8,-106.54,80.6,8.05
560,chernyshevskiy,38,CN,1602725525,43,38.5,102.17,48.79,16.13
561,chalmette,75,CN,1602725527,57,25.02,118.29,77,13.42
562,atambua,5,BR,1602725529,80,-2.89,-40.12,78.37,14.67
563,bunia,29,PE,1602725531,86,-6.42,-76.53,68.76,3
564,shimoda,20,JP,1602725533,52,33.44,129.97,71.01,8.05
565,zhezkazgan,0,NA,1602725536,17,-28.02,18.75,72.25,10.33
566,ojinaga,1,US,1602725312,34,37.61,-122.49,78.8,17.22
567,seoul,90,TH,1602725540,100,17.85,102.58,73.4,6.93
568,cambridge,75,IS,1602725297,93,63.84,-22.43,46.4,27.51
569,san policarpo,0,MG,1602725544,79,-20.28,44.28,73.62,9.64
570,riyadh,0,SE,1602725546,86,65.83,21.69,37.4,11.41
571,sokoni,40,GH,1602725548,88,5.79,0.9,78.8,5.82
572,the valley,1,MM,1602725551,86,22.92,93.68,67.82,1.54
